{
  "images" : [
    {
      "idiom" : "universal",
      "scale" : "1x"
    },
    {
      "resizing" : {
        "mode" : "3-part-horizontal",
        "center" : {
          "mode" : "tile",
          "width" : 1
        },
        "cap-insets" : {
          "right" : 29,
          "left" : 29
        }
      },
      "idiom" : "universal",
      "filename" : "homePage_searchBG@2x.png",
      "scale" : "2x"
    },
    {
      "resizing" : {
        "mode" : "3-part-horizontal",
        "center" : {
          "mode" : "tile",
          "width" : 1
        },
        "cap-insets" : {
          "right" : 44,
          "left" : 44
        }
      },
      "idiom" : "universal",
      "filename" : "homePage_searchBG@3x.png",
      "scale" : "3x"
    }
  ],
  "info" : {
    "version" : 1,
    "author" : "xcode"
  }
}